id;content_type_name;content_type_sort;content_type_time;content_type_update_count
1;synthesizing;18926;2020-09-21T04:22:12;79931
2;mobile implementation info-mediaries;64986;2020-09-21T15:04:36;31896
3;Mexico Quality Functionality;49416;2020-09-21T05:34:51;9970
4;Accounts;14722;2020-09-21T16:03:30;49958
5;strategy;60956;2020-09-21T12:13:14;21284
6;interactive California Designer;80719;2020-09-21T11:07:09;53884
7;connecting Paradigm generating;58181;2020-09-21T11:09:20;58530
8;microchip quantifying;31130;2020-09-21T05:51:58;49499
9;lime payment Buckinghamshire;56067;2020-09-21T14:25:09;55406
10;6th generation Grocery;15995;2020-09-21T15:29:10;96695
