id;content_actor;content_info;content_img;content_time;content_praise_count;content_favorate_count;content_comment_count;content_img_label
1;synergies Incredible Massachusetts;Specialist Chicken;Metrics Granite;2020-09-21T16:37:43;89777;1089;78868;Table Planner Missouri
2;empower;Toys;Planner SQL;2020-09-21T06:30:33;66053;6223;91337;Codes specifically reserved for testing purposes Personal Loan Account
3;throughput;Practical Rubber Computer Rubber;networks;2020-09-21T22:33:18;68257;5778;53351;Computers
4;Engineer synergies Wisconsin;SMTP Bedfordshire Eritrea;virtual Sports;2020-09-21T16:52:44;5107;30770;33359;User-friendly withdrawal
5;Face to face Movies Investor;Tuna;systems complexity convergence;2020-09-22T02:52:23;47877;14335;82597;compelling pink Balanced
6;Savings Account synthesizing;Gorgeous;Organized;2020-09-21T13:35:07;76707;75371;84016;Enterprise-wide SDD
7;Specialist;deposit;Security clicks-and-mortar;2020-09-21T20:35:14;1051;48525;73055;Nepal haptic
8;networks Plastic Sleek Metal Tuna;calculating Legacy;Buckinghamshire Solutions;2020-09-21T05:03:10;16576;49306;385;Zambia
9;Home Loan Account Accounts responsive;Armenian Dram;Identity value-added virtual;2020-09-21T10:45:45;99175;88877;1012;withdrawal
10;COM SSL;content Small Metal Chair seize;European Monetary Unit (E.M.U.-6) Sausages;2020-09-21T15:22:43;59968;64840;93746;Forward Investor
