id;head;nick_name;birthday;login;introduction
1;Interactions Unbranded Plastic Sausages open system;virtual;virtual;installation Chips Refined Granite Cheese;platforms Rustic Soft Hat
2;Frozen Refined;e-tailers Handmade European Monetary Unit (E.M.U.-6);JSON Fresh value-added;schemas web-enabled Intelligent Wooden Mouse;Industrial
3;Rwanda Franc;Incredible Iowa Cedi;systems back-end;purple EXE;withdrawal Object-based Concrete
4;Frozen neural-net e-enable;Handcrafted;Functionality Turkish Lira users;attitude-oriented;Chief portals Coordinator
5;Managed unleash Beauty;white digital Liaison;mobile Berkshire Armenia;auxiliary fuchsia;invoice Bedfordshire
6;Sleek Granite Chicken Borders Checking Account;Fully-configurable indexing;Analyst Polarised generating;Concrete;Crossing budgetary management
7;Future-proofed multi-byte Forward;regional systemic;Money Market Account Global;Strategist Licensed;Clothing Customer Avon
8;strategize Wyoming;Architect Grocery;Hawaii Metal;Rapid Designer Illinois;Intranet extend pixel
9;1080p Mexican Peso Mexican Unidad de Inversion (UDI) array;Stravenue dot-com Arizona;IB;Rustic;optimize utilize Saint Helena Pound
10;bandwidth drive;Representative;Auto Loan Account integrated;Keyboard fuchsia adapter;protocol cross-platform deposit
